Vasya_Pupkin@epam.com,Vasya,Pupkin
John_Smith@epam.com,John,Smith
Peter_Parker@epam.com,Peter,Parker
Bruce_Waine@epam.com,Bruce,Waine
Natalia_Romanova@epam.com,Natalia,Romanova
Peter_Pan@epam.com,Peter,Pan
Ivan_Sidorov@epam.com,Ivan,Sidorov
Sergey_Ivanon@epam.com,Sergey,Ivanov
Ivan_Sergeev@epam.com,Ivan,Sergeev
Vania_Petrov@epam.com,Vania,Petrov
Vasiliy_Sidorov@epam.com,Vasiliy,Sidorov
Ivan_Kuzmich@epam.com,Ivan,Kuzmich
Tom_Soyer@epam.com,Tom,Soyer
Petya_Ivanov@epam.com,Petya,Ivanov